english,spanish,ukrainian
time,el tiempo,час
year,el año,рік
thing,la cosa,річ
way,el camino,шлях
day,el día,день
man,el hombre,чоловік
state,el estado,держава
lot,el lote,партія
woman,la mujer,жінка
country,el país,країна
life,la vida,життя
question,la cuestión,питання
president,el presidente,президент
child,el niño,дитина
week,la semana,тиждень
world,el mundo,світ
kind,el tipo,вид
case,el caso,випадок
problem,el problema,проблема
fact,el hecho,факт
family,la familia,сім'я
story,la historia,історія
point,el punto,точка
government,el gobierno,уряд
money,el dinero,гроші
issue,la cuestión,проблема
part,la parte,частина
morning,la mañana,ранок
guy,el chico,хлопець
number,el número,число
job,el trabajo,робота
night,la noche,ніч
right,el derecho,право
school,la escuela,школа
place,el lugar,місце
war,la guerra,війна
kid,el niño,дитина
month,el mes,місяць
book,el libro,книга
hour,la hora,година
show,el show,шоу
police,la policía,поліція
program,el programa,програма
party,el partido,партія
law,la ley,закон
word,la palabra,слово
person,la persona,особа
home,el hogar,дім
business,el negocio,бізнес
friend,el amigo,друг
company,la empresa,компанія
side,el lado,сторона
tax,el impuesto,податок
democrat,el demócrata,демократ
group,el grupo,група
moment,el momento,момент
break,la ruptura,перерва
idea,la idea,ідея
member,el miembro,член
system,el sistema de,система
minute,el minuto,хвилина
reason,la razón,причина
campaign,la campaña,кампанія
work,la obra,робота
nation,la nación,нація
congress,el congreso,конгрес
mother,la madre,мати
force,la fuerza,сила
health,la salud,здоров'я
back,la parte de atrás,спина
area,la zona,область
name,el nombre,ім'я
report,el informe,звіт
hand,la mano,рука
line,la línea,лінія
end,el fin,кінець
court,la corte,суд
care,el cuidado,турбота
couple,la pareja,пара
house,la casa,будинок
american,la americana,американець
father,el padre,батько
situation,la situación,ситуація
car,el coche,автомобіль
parent,el padre,батько
administration,la administración,адміністрація
drug,la droga,наркотик
city,la ciudad,місто
sense,el sentido,сенс
policy,la política,політика
office,la oficina,офіс
decision,la decisión,рішення
power,el poder,влада
plan,el plan,план
leader,el líder,лідер
information,la información,інформація
election,la elección,вибори
movie,la película,фільм
death,la muerte,смерть
air,el aire,повітря
call,la llamada,дзвінок
community,la comunidad,спільнота
look,la mirada,погляд
evidence,la evidencia,доказ
girl,la chica,дівчина
doctor,el médico,лікар
vote,el voto,голос
video,el video,відео
picture,la imagen,картина
room,la habitación,кімната
economy,la economía,економіка
phone,el teléfono,телефон
history,la historia,історія
sort,el tipo,різновид
boy,el niño,хлопчик
crime,el crimen,злочин
process,el proceso de,процес
wife,la esposa,дружина
music,la música,музика
water,el agua,вода
service,el servicio,послуга
record,el registro,запис
security,la seguridad,безпека
talk,la charla,розмова
mind,la mente,розум
head,la cabeza,голова
candidate,el candidato,кандидат
official,el funcionario,чиновник
camera,la cámara,камера
student,el estudiante,студент
attack,el ataque,атака
chance,la oportunidad,шанс
game,el juego,гра
baby,el bebé,малюк
south,el sur,південь
change,cambio,зміна
trial,el juicio,судовий процес
body,el cuerpo,тіло
market,el mercado,ринок
stuff,las cosas,речі
interest,el interés,інтерес
weapon,el arma,зброя
heart,el corazón,серце
son,el hijo,син
team,el equipo,команда
town,la ciudad,місто
television,la televisión,телевізор
will,la voluntad,воля
troop,la tropa,військо
judge,el juez,суддя
action,la acción,дія
answer,la respuesta,відповідь
position,la posición,позиція
view,la vista,вигляд
difference,la diferencia,різниця
food,la comida,їжа
daughter,la hija,дочка
race,la carrera,гонка
deal,el acuerdo,угода
street,la calle,вулиця
price,el precio,ціна
message,el mensaje,повідомлення
control,el control,контроль
debate,el debate,дебати
officer,el oficial,офіцер
film,la película,фільм
level,el nivel,рівень
effort,el esfuerzo,зусилля
relationship,la relación,стосунки
correspondent,el corresponsal,кореспондент
ground,el terreno,земля
piece,la pieza,шматок
husband,el marido,чоловік
budget,el presupuesto,бюджет
jury,el jurado,жюрі
reporter,el reportero,репортер
weekend,el fin de semana,вихідні
matter,la materia,справа
age,la edad,вік
gun,la pistola,пістолет
peace,la paz,мир
murder,el asesinato,вбивство
role,el papel,роль
investigation,la investigación,розслідування
experience,la experiencia,досвід
hospital,el hospital,лікарня
eye,el ojo,око
director,el director,директор
future,el futuro,майбутнє
face,la cara,обличчя
oil,el aceite,олія
result,el resultado,результат
public,el público,публіка
lawyer,el abogado,юрист
poll,la encuesta,опитування
second,la segunda,секунда
opportunity,la oportunidad,можливість
industry,la industria,промисловість
brother,el hermano,брат
statement,la declaración,заява
fire,el fuego,вогонь
love,el amor,любов
rate,la tasa,ставка
effect,el efecto,ефект
song,la canción,пісня
event,el evento,подія
charge,la carga,звинувачення
support,el apoyo,підтримка
radio,la radio,радіо
building,el edificio,будівля
bank,el banco,банк
victim,la víctima,жертва
door,la puerta,двері
interview,la entrevista,інтерв'ю
scene,la escena,сцена
rest,el resto,відпочинок
press,la prensa,преса
attention,la atención,увага
choice,la elección,вибір
speech,el discurso,промова
patient,el paciente,пацієнт
truth,la verdad,правда
road,la carretera,дорога
term,el término,термін
site,el sitio,сайт
worker,el trabajador,робітник
professor,el profesor,професор
letter,la letra,лист
reform,la reforma,реформа
concern,la preocupación,занепокоєння
folk,la gente,народ
sex,el sexo,секс
study,el estudio,дослідження
college,la universidad,коледж
voter,el votante,виборець
wall,la pared,стіна
evening,la noche,вечір
meeting,la reunión,зустріч
voice,la voz,голос
audience,la audiencia,аудиторія
violence,la violencia,насильство
rule,la regla,правило
star,la estrella,зірка
test,la prueba,тест
education,la educación,освіта
trouble,el problema,біда
risk,el riesgo,ризик
prison,la prisión,тюрма
guest,el invitado,гість
class,la clase,клас
society,la sociedad,суспільство
soldier,el soldado,солдат
plane,el plano,літак
amount,la cantidad,кількість
help,la ayuda,допомога
cost,el costo,вартість
authority,la autoridad,авторитет
foot,el pie,стопа
period,el período,період
feeling,la sensación,почуття
step,la etapa de,крок
cause,causa,причина
tape,la cinta,стрічка
threat,la amenaza,загроза
opinion,la opinión,думка
organization,la organización,організація
type,el tipo de,тип
conversation,la conversación,розмова
disease,la enfermedad,хвороба
operation,la operación,операція
cancer,el cáncer,рак
magazine,la revista,журнал
governor,el gobernador,губернатор
pressure,la presión,тиск
majority,la mayoría,більшість
research,La investigación,дослідження
character,el carácter,характер
station,la estación,станція
crisis,la crisis,криза
expert,el experto,експерт
blood,la sangre,кров
chairman,el presidente,голова
argument,el argumento,суперечка
list,la lista,список
dog,el perro,собака
computer,el ordenador,комп'ютер
beginning,el principio,початок
insurance,el seguro,страхування
field,el campo,поле
sister,la hermana,сестра
mistake,el error,помилка
player,el jugador,гравець
energy,la energía,енергія
paper,el documento,папір
space,el espacio,простір
store,la tienda,магазин
agreement,el acuerdo,угода
responsibility,la responsabilidad,відповідальність
lady,la dama,леді
order,el orden,наказ
summer,el verano,літо
product,el producto,продукт
value,el valor,цінність
stock,la acción,акція
intelligence,la inteligencia,розвідка
teacher,el profesor,вчитель
agency,la agencia,агентство
trade,el comercio,торгівля
conference,la conferencia,конференція
cell,la célula,клітина
church,la iglesia,церква
comment,el comentario,коментар
source,la fuente,джерело
past,el pasado,минуле
cut,el corte,розріз
thought,el pensamiento,думка
credit,el crédito,кредит
hope,la esperanza,надія
sign,el signo,знак
career,la carrera,кар'єра
marriage,el matrimonio,шлюб
condition,la condición,умова
witness,el testigo,свідок
technology,la tecnología,технологія
stage,la etapa de,етап
staff,el personal,персонал
arm,el brazo,рука
mission,la misión,місія
art,el arte,мистецтво
actor,el actor,актор
battle,la batalla,битва
top,la parte superior,верх
citizen,el ciudadano,громадянин
author,el autor,автор
reaction,la reacción,реакція
gentleman,el caballero,джентльмен
leadership,el liderazgo,керівництво
fear,el miedo,страх
example,el ejemplo,приклад
language,el idioma,мова
need,la necesidad,потреба
justice,la justicia,справедливість
discussion,la discusión,дискусія
border,la frontera,кордон
animal,el animal,тварина
detail,el detalle,деталь
response,la respuesta,відповідь
network,la red,мережа
movement,el movimiento,рух
use,el uso,використання
male,el macho,самець
capital,la capital,столиця
hearing,la audiencia,слухання
standard,la norma,стандарт
benefit,el beneficio,користь
table,la tabla,стіл
treatment,el tratamiento,лікування
agent,el agente,агент
card,la tarjeta,картка
shot,el disparo,постріл
board,el tablero,рада
reality,la realidad,реальність
sir,el señor,сер
land,la tierra,земля
project,el proyecto,проєкт
light,la luz,світло
image,la imagen,зображення
century,el siglo,століття
page,la página,сторінка
success,el éxito,успіх
sound,el sonido,звук
impact,el impacto,вплив
pain,el dolor,біль
season,la temporada,сезон
individual,el individuo,особистість
sport,el deporte,спорт
studio,el estudio,студія
decade,la década,десятиліття
challenge,el desafío,виклик
dream,el sueño,мрія
newspaper,el periódico,газета
floor,el piso,підлога
fight,la lucha,бійка
safety,la seguridad,безпека
act,el acto,акт
trip,el viaje,подорож
course,el curso,курс
possibility,la posibilidad,можливість
freedom,la libertad,свобода
fund,el fondo,фонд
seat,el asiento,сидіння
bomb,la bomba,бомба
form,la forma,форма
executive,el ejecutivo,керівник
minister,el ministro,міністр
deficit,el déficit,дефіцит
development,el desarrollo,розвиток
flight,el vuelo,рейс
secretary,el secretario,секретар
committee,el comité,комітет
consumer,el consumidor,споживач
rock,la roca,скеля
figure,la figura,фігура
subject,el sujeto,предмет
culture,la cultura,культура
hair,el cabello,волосся
coverage,la cobertura,охоплення
loss,la pérdida,втрата
dad,el papá,тато
note,la nota,записка
activity,la actividad,активність
goal,el objetivo,мета
option,la opción,варіант
gas,el gas,газ
region,la región,регіон
population,la población,населення
ability,la capacidad,здатність
resolution,la resolución,резолюція
employee,el empleado,працівник
brain,el cerebro,мозок
politician,el político,політик
middle,el centro,середина
storm,la tormenta,буря
generation,la generación,покоління
critic,el crítico,критик
fan,el ventilador,фанат
scientist,el científico,науковець
target,el objetivo,ціль
camp,el campamento,табір
afternoon,la tarde,полудень
direction,la dirección,напрямок
science,la ciencia,наука
journalist,el periodista,журналіст
degree,el grado,ступінь
affair,el asunto,справа
damage,el daño,шкода
strategy,la estrategia,стратегія
factor,el factor,фактор
plant,la planta,рослина
democracy,la democracia,демократія
doubt,la duda,сумнів
solution,la solución,розв'язання
spending,el gasto,витрати
training,la formación,тренування
abuse,el abuso,зловживання
danger,el peligro,небезпека
environment,el medio ambiente,середовище
memory,la memoria,пам'ять
nature,la naturaleza,природа
material,el material,матеріал
document,el documento,документ
income,los ingresos,доход
analyst,el analista,аналітик
play,el juego,п'єса
guard,la guardia,охоронець
hotel,el hotel,готель
editor,el editor,редактор
missile,el misil,ракета
accident,el accidente,аварія
purpose,el propósito,призначення
writer,el escritor,письменник
emergency,la emergencia,надзвичайна ситуація
growth,el crecimiento,зростання
bed,la cama,ліжко
welfare,el bienestar,благополуччя
adult,el adulto,дорослий
faith,la fe,віра
proposal,la propuesta,пропозиція
model,el modelo,модель
army,el ejército,армія
incident,el incidente,інцидент
box,la caja,коробка
crowd,la multitud,натовп
respect,el respeto,повага
department,el departamento,відділ
access,el acceso,доступ
date,la fecha,дата
chief,el jefe,шеф
weather,el clima,погода
airport,el aeropuerto,аеропорт
machine,la máquina,машина
window,la ventana,вікно
agenda,el orden del día,порядок денний
advice,el consejo,порада
prosecution,la fiscalía,обвинувачення
conflict,el conflicto,конфлікт
fall,la caída,падіння
pilot,el piloto,пілот
practice,la práctica,практика
track,la pista,трек
owner,el propietario,власник
increase,el aumento,збільшення
legislation,la legislación,законодавство
tree,el árbol,дерево
debt,la deuda,борг
enemy,el enemigo,ворог
truck,el camión,вантажівка
lead,el plomo,свинець
convention,la convención,з'їзд
aid,la ayuda,допомога
suicide,el suicidio,самогубство
quality,la calidad,якість
conservative,la conservadora,консерватор
size,el tamaño,розмір
account,la cuenta,рахунок
pleasure,el placer,задоволення
institution,la institución,установа
airline,la línea aérea,авіакомпанія
weight,el peso,вага
approach,el enfoque,підхід
surgery,la cirugía,хірургія
holiday,las vacaciones,свято
start,el inicio,старт
victory,la victoria,перемога
district,el distrito,район
relation,la relación,відношення
search,la búsqueda,пошук
crew,la tripulación,екіпаж
panel,el panel,панель
coalition,la coalición,коаліція
move,el movimiento,хід
package,el paquete,пакет
check,el cheque,чек
minority,la minoría,меншість
unit,la unidad,одиниця
bag,la bolsa,сумка
surprise,la sorpresa,несподіванка
focus,el foco,фокус
circumstance,la circunstancia,обставина
producer,el productor,продюсер
investment,la inversión,інвестиція
ball,la pelota,м'яч
colleague,el colega,колега
resource,el recurso,ресурс
judgment,la sentencia,вирок
background,el fondo,фон
union,la unión,союз
address,la dirección,адреса
driver,el controlador,водій
hero,el héroe,герой
medicine,el medicamento,ліки
representative,el representante,представник
vehicle,el vehículo,транспортний засіб
commander,el comandante,командир
artist,el artista,митець
mayor,el alcalde,мер
run,la carrera,забіг
ship,el barco,корабель
theory,la teoría,теорія
screen,la pantalla,екран
lesson,la lección,урок
resident,el residente,мешканець
partner,el socio,партнер
bar,el bar,бар
ticket,el billete,квиток
disaster,el desastre,катастрофа
performance,el desempeño,виступ
supporter,aficionados,прихильник
killer,el asesino,вбивця
negotiation,la negociación,переговори
sea,el mar,море
wind,el viento,вітер
shoe,el zapato,черевик
secret,el secreto,секрет
tragedy,la tragedia,трагедія
gift,el regalo,подарунок
tour,la gira,тур
manager,el gestor,менеджер
band,la banda,гурт
birth,el nacimiento,народження
host,el anfitrión,ведучий
loan,el préstamo,позика
allegation,la alegación,твердження
winner,el ganador,переможець
religion,la religión,релігія
article,el artículo,стаття
session,la sesión,сесія
being,el ser,істота
extent,la medida,міра
contract,el contrato,контракт
sentence,la sentencia,речення
measure,la medida,заходи
deputy,el diputado,депутат
confidence,la confianza,впевненість
hell,el infierno,пекло
relief,el alivio,полегшення
perspective,la perspectiva,перспектива
advantage,La ventaja,перевага
scandal,el escándalo,скандал
leg,la pierna,нога
restaurant,el restaurante,ресторан
dinner,la cena,вечеря
client,el cliente,клієнт
failure,el fracaso,невдача
quarter,el trimestre,квартал
element,el elemento,елемент
claim,la reclamación,позов
property,la propiedad,власність
version,la versión,версія
attempt,el intento,спроба
bus,el autobús,автобус
customer,el cliente,покупець
appeal,la apelación,апеляція
pound,la libra,фунт
protection,la protección,захист
gene,el gen,ген
stone,la piedra,камінь
opposition,la oposición,опозиція
apartment,el apartamento,квартира
front,el frente,фронт
female,la hembra,самка
prisoner,el prisionero,в'язень
black,el negro,чорний
gang,la pandilla,банда
principle,el principio,принцип
ally,el aliado,союзник
adviser,el asesor,радник
visit,la visita,візит
bird,el pájaro,птах
stand,el soporte,підставка
communication,la comunicación,спілкування
boat,el barco,човен
connection,la conexión,зв'язок
key,la tecla,ключ
strike,la huelga,страйк
penalty,la pena,штраф
warning,la advertencia,попередження
luck,la suerte,удача
dna,el ADN,ДНК
spirit,el espíritu,дух
turn,la vuelta,поворот
facility,la instalación,заклад
teenager,el adolescente,підліток
commitment,el compromiso,зобов'язання
item,el elemento,пункт
procedure,el procedimiento de,процедура
half,la media,половина
tank,el tanque,танк
telephone,el teléfono,телефон
supply,el suministro,постачання
attitude,la actitud,ставлення
block,el bloque,блок
bond,el vínculo,зв'язок
style,el estilo,стиль
football,el fútbol,футбол
fuel,el combustible,паливо
data,los datos,дані
glass,el cristal,скло
suit,el traje,костюм
strength,la fuerza,сила
criticism,las críticas,критика
ice,el hielo,лід
equipment,el equipo,обладнання
promise,la promesa,обіцянка
return,el regreso,повернення
album,el álbum,альбом
production,la producción,виробництво
corner,la esquina,кут
consequence,la consecuencia,наслідок
living,los vivos,проживання
injury,la lesión,травма
cover,la tapa,обкладинка
spot,el punto,пляма
breast,la mama,грудь
spring,la primavera,весна
controversy,la controversia,суперечка
destruction,la destrucción,руйнування
aspect,el aspecto,аспект
club,el club,клуб
aircraft,la aeronave,літак
firm,la empresa,фірма
regime,el régimen,режим
competition,la competencia,конкуренція
profit,el beneficio,прибуток
knowledge,el conocimiento,знання
spokesman,el portavoz,речник
review,la revisión,огляд
understanding,la comprensión,розуміння
recession,la recesión,рецесія
singer,el cantante,співак
village,el pueblo,село
arrest,la detención,арешт
snow,la nieve,сніг
joke,la broma,жарт
gold,el oro,золото
contact,el contacto,контакт
demand,la demanda,вимога
task,la tarea,завдання
hole,el agujero,дірка
general,general,генерал
skin,la piel,шкіра
count,el recuento,підрахунок
opponent,el oponente,противник
conclusion,la conclusión,висновок
priority,la prioridad,пріоритет
rape,la violación,зґвалтування
refugee,el refugiado,біженець
mountain,la montaña,гора
summit,la cumbre,саміт
bottom,la parte inferior,низ
management,la gestión,керування
commission,la comisión,комісія
range,la gama,діапазон
code,el código,код
cash,el dinero en efectivo,готівка
mouth,la boca,рот
presence,la presencia,присутність
share,la cuota,частка
fashion,la moda,мода
shape,la forma,форма
chair,la silla,стілець
finger,el dedo,палець
fish,el pescado,риба
edition,la edición,видання
edge,el borde,край
limit,el límite,межа
train,el tren,потяг
belief,la creencia,переконання
balance,el balance,баланс
exchange,el intercambio,обмін
farm,la granja,ферма
zone,la zona,зона
passenger,el pasajero,пасажир
lie,la mentira,брехня
duty,el deber,обов'язок
traffic,el tráfico,трафік
horse,el caballo,кінь
tradition,la tradición,традиція
recovery,la recuperación,відновлення
inspector,el inspector,інспектор
difficulty,la dificultad,труднощі
file,el archivo,файл
birthday,el cumpleaños,день народження
finance,la financiación,фінанси
crash,el accidente,крах
influence,la influencia,вплив
regulation,la regulación,регулювання
analysis,el análisis,аналіз
struggle,la lucha,боротьба
heat,el calor,спека
dress,el vestido,плаття
release,la liberación,випуск
winter,el invierno,зима
virus,el virus,вірус
theme,el tema,тема
notion,la noción,поняття
device,el dispositivo,пристрій
anger,la ira,гнів
english,el Inglés,англійська
flag,la bandera,прапор
context,el contexto,контекст
wing,el ala,крило
fighting,los combates,бої
pattern,el patrón,візерунок
entertainment,el entretenimiento,розваги
appearance,la aparición,зовнішність
saving,el ahorro,заощадження
investor,el inversor,інвестор
bridge,el puente,мост
settlement,el asentamiento,поселення
rain,la lluvia,дощ
wood,la madera,дерево
mail,el correo,пошта
farmer,el agricultor,фермер
mystery,el misterio,таємниця
prayer,la oración,молитва
vision,la visión,зір
depression,la depresión,депресія
explosion,la explosión,вибух
defendant,el acusado,обвинувачений
structure,la estructura,структура
amendment,la enmienda,поправка
assault,el asalto,напад
thinking,el pensamiento,мислення
therapy,la terapia,терапія
nurse,la enfermera,медсестра
path,el camino,стежка
funding,la financiación,фінансування
tool,la herramienta,інструмент
title,el título,назва
housing,la carcasa,житло
shop,la tienda,магазин
complaint,la queja,скарга
wave,la ola,хвиля
cat,el gato,кіт
map,el mapa,карта
employer,el empleador,роботодавець
proof,la prueba,доказ
emotion,la emoción,емоція
skill,la habilidad,навичка
trust,la confianza,довіра
topic,el tema,тема
personality,la personalidad,особистість
hall,la sala,зал
cabinet,el armario,шафа
bone,el hueso,кістка
soul,el alma,душа
chicken,el pollo,курка
location,la ubicación,місцезнаходження
indication,la indicación,ознака
speaker,el altavoz,динамік
wage,el salario,зарплата
era,la era,епоха
request,la solicitud,запит
boss,el jefe,начальник
coach,el entrenador,тренер
estate,la finca,нерухомість
sector,el sector,сектор
egg,el huevo,яйце
stake,la estaca,ставка
stop,la parada,зупинка
ring,el anillo,кільце
shock,el choque,шок
contribution,la contribución,внесок
announcement,el anuncio,оголошення
cigarette,el cigarrillo,сигарета
kitchen,la cocina,кухня
territory,el territorio,територія
command,el comando,команда
island,la isla,острів
protest,la protesta,протест
impression,la impresión de,враження
fault,el fallo,вина
coast,la costa,берег
reading,la lectura,читання
variety,la variedad,різноманітність
revenue,los ingresos,доход
bell,la campana,дзвін
coffee,el café,кава
alcohol,el alcohol,алкоголь
lunch,el almuerzo,обід
expectation,la expectativa,очікування
grade,el grado,оцінка
diet,la dieta,дієта
section,la sección,розділ
ear,el oído,вухо
sky,el cielo,небо
assistance,la ayuda,допомога
signal,la señal,сигнал
stress,el estrés,стрес
alternative,la alternativa,альтернатива
researcher,el investigador,дослідник
cable,el cable,кабель
opening,la apertura,відкриття
beach,la playa,пляж
volunteer,el voluntario,волонтер
burden,la carga,тягар
detective,el detective,детектив
toy,el juguete,іграшка
gain,la ganancia,виграш
asset,el activo,актив
pool,la piscina,басейн
trend,la tendencia,тенденція
survey,la encuesta,опитування
planet,el planeta,планета
river,el río,річка
identity,la identidad,ідентичність
ocean,el océano,океан
joy,la alegría,радість
delay,el retraso,затримка
clinic,la clínica,клініка
yard,el patio,двір
tip,la punta,порада
divorce,el divorcio,розлучення
sun,el sol,сонце
row,la fila,ряд
phrase,la frase,фраза
worth,la pena,вартість
collection,la colección,колекція
occasion,la ocasión,нагода
surface,la superficie,поверхня
tie,el empate,галстук
musician,el músico,музикант
concept,el concepto,концепція
tension,la tensión,напруга
outcome,el resultado,результат
approval,la aprobación,схвалення
fellow,el becario,товариш
beauty,la belleza,краса
casualty,el siniestro,потерпілий
copy,la copia,копія
mine,la mina,шахта
watch,el reloj,годинник
sleep,el sueño,сон
average,la media,середнє
travel,el recorrido,подорож
fraud,el fraude,шахрайство
category,la categoría,категорія
exercise,el ejercicio,вправа
conviction,la convicción,засудження
initiative,la iniciativa,інціатива
technique,la técnica de,техніка
recording,la grabación,запис
sight,la vista,видовище
reduction,la reducción,скорочення
whole,el conjunto,ціле
corporation,la corporación,корпорація
passion,la pasión,пристрасть
funeral,el funeral,похорон
youth,la juventud,молодь
instrument,el instrumento,інструмент
distance,la distancia,відстань
desert,el desierto,пустеля
anniversary,el aniversario,річниця
writing,la escritura,письмо
invasion,la invasión,вторгнення
compromise,el compromiso,компроміс
illness,la enfermedad,хвороба
tear,el desgarro,сльоза
gate,la puerta,ворота
forest,el bosque,ліс
experiment,el experimento,експеримент
golf,el golf,гольф
talent,el talento,талант
post,el cargo,посада
gap,la brecha,розрив
priest,el sacerdote,священик
novel,la novela,роман
division,la división,підрозділ
desire,el deseo,бажання
hat,el sombrero,шапка
mortgage,la hipoteca,іпотека
reputation,la reputación,репутація
score,la puntuación,рахунок
shoulder,el hombro,плече
relative,la relación,родич
column,la columna,колонка
payment,el pago,платіж
transition,la transición,перехід
award,el premio,нагорода
capability,la capacidad,здатність
definition,la definición,визначення
pocket,el bolsillo,кишеня
speed,la velocidad,швидкість
concert,el concierto,концерт
climate,el clima,клімат
clue,la clave,підказка
beer,La cerveza,пиво
nose,la nariz,ніс
green,el verde,зелений
garden,el jardín,сад
satellite,el satélite,супутник
ceremony,la ceremonia,церемонія
human,la humana,людина
discovery,el descubrimiento,відкриття
ride,el paseo,поїздка
root,la raíz,корінь
tea,el té,чай
motion,el movimiento,рух
percentage,el porcentaje,відсоток
combination,la combinación,комбінація
explanation,la explicación,пояснення
scale,la escala,шкала
chain,la cadena de,ланцюг
twin,el gemelo,близнюк
capacity,la capacidad,місткість
dealer,el distribuidor,дилер
touch,el toque,дотик
journey,el viaje,мандрівка
delegate,el delegado,делегат
link,el enlace,посилання
plastic,el plástico,пластик
stimulus,el estímulo,стимул
cap,la tapa,кепка
roll,el rollo,рулон
construction,la construcción,будівництво
intention,la intención,намір
dispute,la disputa,спір
mood,el estado de ánimo,настрій
design,el diseño,дизайн
childhood,la infancia,дитинство
engine,el motor,двигун
lifetime,el tiempo de vida,тривалість життя
nightmare,la pesadilla,кошмар
dance,la danza,танець
meal,la comida,трапеза
offer,la oferta,пропозиція
obligation,la obligación,обов'язок
advance,el avance,аванс
charity,la caridad,благодійність
tourist,el turista,турист
factory,la fábrica,фабрика
fat,la grasa,жир
salt,la sal de,сіль
neck,el cuello,шия
bedroom,el dormitorio,спальня
episode,el episodio,епізод
engineer,el ingeniero,інженер
punishment,el castigo,покарання
testing,las pruebas,тестування
instance,la instancia,екземпляр
prospect,la perspectiva,перспектива
shopping,las compras,покупки
smoke,el humo,дим
meat,la carne,м'ясо
hold,la bodega,трюм
retirement,la jubilación,відставка
inflation,la inflación,інфляція
drama,el drama,драма
desk,el escritorio,стіл
salary,el salario,зарплата
bible,la biblia,біблія
grant,la subvención,грант
demonstration,la demostración,демонстрація
dialogue,el diálogo,діалог
substance,la sustancia,речовина
core,el núcleo,ядро
treaty,el tratado,договір
personnel,el personal,персонал
sample,la muestra,зразок
tactic,la táctica,тактика
method,el método,метод
noise,el ruido,шум
objective,el objetivo,мета
flower,la flor,квітка
cup,la copa,чашка
temperature,la temperatura,температура
symbol,el símbolo,символ
revolution,la revolución,революція
taste,el sabor,смак
museum,el museo,музей
profile,el perfil,профіль
suggestion,la sugerencia,пропозиція
route,la ruta,маршрут
tooth,el diente,зуб
consultant,el consultor,консультант
drive,la unidad,диск
disorder,el trastorno,розлад
sugar,el azúcar,цукор
rise,el aumento,підйом
chip,el chip,чіп
motive,el motivo,мотив
shirt,la camisa,сорочка
port,el puerto,порт
potential,el potencial,потенціал
schedule,el calendario,розклад
parliament,el parlamento,парламент
contest,el concurso,конкурс
atmosphere,la atmósfera,атмосфера
branch,la rama,гілка
estimate,la estimación,оцінка
symptom,el síntoma,симптом
involvement,la participación,залучення
discrimination,la discriminación,дискримінація
heaven,el cielo,рай
walk,la caminata,прогулянка
operator,el operador,оператор
recommendation,la recomendación,рекомендація
rebel,el rebelde,повстанець
round,la ronda,раунд
maker,el fabricante,виробник
wine,el vino,вино
remark,la observación,зауваження
mess,el lío,безлад
tone,el tono,тон
resistance,la resistencia,опір
importance,la importancia,важливість
exception,la excepción,виняток
platform,la plataforma,платформа
knife,el cuchillo,ніж
perception,la percepción,сприйняття
fee,la cuota,плата
master,el maestro,майстер
circle,el círculo,коло
manner,la forma,манера
jet,el chorro,струмінь
meaning,el significado,значення
assessment,la evaluación,оцінка
plate,la placa,тарілка
expense,expensas,витрата
plot,la trama,сюжет
classroom,el aula,класна кімната
brand,la marca,бренд
painting,la pintura,картина
roof,el techo,дах
privilege,el privilegio,привілей
drink,la bebida,напій
ban,la prohibición,заборона
content,el contenido,зміст
chemical,el producto químico,хімікат
french,el francés,французька
inspection,la inspección,інспекція
incentive,el incentivo,стимул
piano,el piano,піаніно
bottle,la botella,бутилка
waste,los residuos,відходи
error,el error,помилка
label,la etiqueta,етикетка
clock,el reloj,годинник
cream,la crema,крем
good,el bien,добро
phase,la fase de,фаза
philosophy,la filosofía,філософія
conduct,la conducta,поведінка
cycle,el ciclo,цикл
electricity,la electricidad,електрика
bishop,el obispo,єпископ
reader,el lector,читач
pregnancy,el embarazo,вагітність
league,la liga,ліга
pet,la mascota,вихованець
foundation,la fundación,основа
boom,el boom,бум
tower,la torre,башта
feature,la característica,особливість
withdrawal,la retirada,вихід
breath,la respiración,дихання
crack,la grieta,тріщина
manufacturer,el fabricante,виробник
specialist,el especialista,спеціаліст
reference,la referencia,посилання
tale,el cuento,казка
provision,la provisión,положення
historian,el historiador,історик
wire,el alambre,дріт
speculation,la especulación,спекуляція
pair,el par,пара
excuse,la excusa,вибачення
chocolate,el chocolate,шоколад
celebration,la celebración,святкування
cheese,el queso,сир
fortune,la fortuna,багатство
bathroom,el cuarto de baño,ванна кімната
function,la función de,функція
universe,el universo,всесвіт
channel,el canal,канал
smile,la sonrisa,усмішка
milk,la leche,молоко
requirement,el requisito,вимога
suspicion,la sospecha,підозра
household,el hogar,домогосподарство
finding,el hallazgo,знахідка
chest,el pecho,груди
routine,la rutina,розпорядок
consideration,la consideración,розгляд
library,la biblioteca,бібліотека
harm,el daño,шкода
margin,el margen,маржа
object,el objeto,об'єкт
guitar,la guitarra,гітара
button,el botón,кнопка
silence,el silencio,тиша
improvement,la mejora,покращення
drop,la caída de,крапля
appointment,el nombramiento,призначення
businessman,el hombre de negocios,бізнесмен
flow,el flujo,потік
metal,el metal,метал
mirror,el espejo,дзеркало
present,la presente,подарунок
carrier,el portador,перевізник
expression,la expresión,вираз
fate,el destino,доля
cloud,la nube,хмара
muscle,el músculo,м'яз
belt,el cinturón,пояс
chapter,el capítulo,розділ
string,la cadena de,струна
trading,el comercio,торгівля
trick,el truco,трюк
guide,la guía,гід
volume,el volumen,об'єм
match,el partido,матч
fantasy,la fantasía,фантазія
knee,la rodilla,коліно
compound,el compuesto,сполука
stomach,el estómago,шлунок
height,la altura,висота
draft,el proyecto,чернетка
stranger,el desconocido,незнайомець
infection,la infección,інфекція
mass,la masa,маса
discipline,la disciplina,дисципліна
fruit,el fruto,фрукт
visitor,el visitante,відвідувач
poem,el poema,вірш
phenomenon,el fenómeno,феномен
fence,la valla,огорожа
application,la aplicación,заявка
recipe,la receta,рецепт
clothing,la ropa,одяг
guilt,la culpa,вина
survival,la supervivencia,виживання
champion,el campeón,чемпіон
uniform,el uniforme,уніформа
print,la impresión,друк
potato,la papa,картопля
arrangement,la disposición,домовленість
moon,la luna,місяць
bear,el oso,ведмідь
wound,la herida,рана
stability,la estabilidad,стабільність
pride,el orgullo,гордість
restriction,la restricción,обмеження
total,del total,підсумок
barrier,la barrera,бар'єр
cousin,el primo,кузен
occupation,la ocupación,заняття
silver,la plata,срібло
cake,la torta,торт
lung,el pulmón,легеня
wheel,la rueda,колесо
observer,el observador,спостерігач
tune,la melodía,мелодія
description,la descripción,опис
establishment,el establecimiento,установа
chamber,la cámara de,палата
horror,el horror,жах
banking,la banca,банківська справа
apple,la manzana,яблуко
implication,la implicación,підтекст
steel,el acero,сталь
throat,la garganta,горло
essence,la esencia,суть
raid,la incursión,рейд
distinction,la distinción,відмінність
german,el alemán,німецька
lip,el labio,губа
timing,la temporización,хронометраж
insight,la visión,проникливість
coup,el golpe de Estado,переворот
shift,el cambio,зміна
policeman,el policía,поліцейський
habit,el hábito,звичка
sheet,la hoja de,простирадло
offender,el delincuente,порушник
midnight,la medianoche,північ
execution,la ejecución,страта
anxiety,la ansiedad,тривога
enterprise,la empresa,підприємство
strip,la tira,смуга
pop,el pop,поп
wonder,la maravilla,чудо
shadow,la sombra,тінь
liberty,la libertad,свобода
fiction,la ficción,вигадка
intervention,la intervención,втручання
creation,la creación,створення
marketing,la comercialización,маркетинг
christian,el cristiano,християнин
pot,la olla,горщик
fishing,la pesca,рибальство
breakfast,el desayuno,снідання
tube,el tubo,трубка
determination,la determinación,наполегливість
sand,la arena,пісок
permission,el permiso,дозвіл
guideline,la directriz,настанова
shame,la vergüenza,сором
riot,los disturbios,бунт
user,el usuario,користувач
organ,el órgano,орган
resort,el resort,курорт
designer,el diseñador,дизайнер
comparison,la comparación,порівняння
employment,el empleo,зайнятість
bread,el pan,хліб
wish,el deseo,бажання
lover,el amante,коханець
jacket,la chaqueta,куртка
pass,el pase,пропуск
statute,el estatuto,статут
pace,el ritmo,темп
frame,la trama,рамка
confusion,la confusión,плутанина
guarantee,la garantía,гарантія
commissioner,el comisionado,комісар
flame,la llama,полум'я
assumption,la asunción,припущення
graduate,el graduado,випускник
entry,la entrada,вхід
ward,la sala,палата
win,la victoria,перемога
opera,la ópera,опера
friendship,la amistad,дружба
exposure,la exposición,експозиція
pig,el cerdo,свиня
mate,el mate,напарник
nerve,el nervio,нерв
length,la longitud,довжина
cow,la vaca,корова
pack,el paquete,пачка
instruction,la instrucción,інструкція
collapse,el colapso,колапс
assistant,el asistente,асистент
objection,la objeción,заперечення
diary,el diario,щоденник
scholar,el erudito,вчений
comfort,la comodidad,комфорт
preparation,la preparación,підготовка
province,la provincia,провінція
passage,el pasaje,уривок
crystal,el cristal,кристал
gear,el engranaje,передача
stroke,el trazo,інсульт
decline,la disminución,спад
achievement,el logro,досягнення
existence,la existencia,існування
alliance,la alianza,альянс
profession,la profesión,професія
delivery,la entrega,доставка
publisher,el editor,видавець
sympathy,la simpatía,співчуття
dish,el plato,страва
worry,la preocupación,турбота
component,el componente,компонент
adventure,la aventura,пригода
crop,el cultivo,врожай
blow,el golpe,удар
sake,aras,заради
sin,el pecado,гріх
pension,la pensión,пенсія
garage,el garaje,гараж
radiation,la radiación,радіація
juice,el jugo,сік
setting,el ajuste,налаштування
index,el índice,індекс
vegetable,el vegetal,овоч
partnership,la asociación,партнерство
poetry,la poesía,поезія
recognition,el reconocimiento,визнання
self,el auto,самість
standing,el pie,становище
tissue,el tejido,тканина
shell,la concha,оболонка
captain,el capitán,капітан
grave,la tumba,могила
rank,el rango,ранг
gender,el género,стать
shortage,la escasez,нестача
prize,el premio,приз
coat,la capa,пальто
seed,la semilla,насіння
rat,la rata,пацюк
soil,el suelo,ґрунт
shore,la orilla,берег
defeat,la derrota,поразка
notice,la notificación,сповіщення
boot,la bota,черевик
chart,el gráfico,графік
ministry,el ministerio,міністерство
diamond,el diamante,діамант
finish,el acabado,фініш
admission,la admisión,допуск
dark,la oscuridad,темрява
laboratory,el laboratorio,лабораторія
professional,el profesional,професіонал
reward,la recompensa,винагорода
infant,el bebé,немовля
text,el texto,текст
shower,la ducha,душ
dose,la dosis,доза
panic,el pánico,паніка
net,la red,сітка
clerk,el secretario,клерк
miner,el minero,шахтар
delegation,la delegación,делегація
imagination,la imaginación,уява
unity,la unidad,єдність
uncle,el tío,дядько
ingredient,el ingrediente,інгредієнт
assignment,la asignación,завдання
currency,la moneda,валюта
battery,la batería,батарея
tunnel,el túnel,тунель
resignation,la renuncia,відставка
buyer,el comprador,покупець
bike,la moto,велосипед
excitement,la emoción,захоплення
mouse,el ratón,миша
alarm,la alarma,сигналізація
poet,el poeta,поет
landscape,el paisaje,пейзаж
selection,la selección,добірка
cry,el grito,крик
separation,la separación,розділення
display,la pantalla,дисплей
disability,la discapacidad,інвалідність
counter,el contador,прилавок
championship,el campeonato,чемпіонат
butter,la mantequilla,масло
portrait,el retrato,портрет
stick,el palo,палиця
engineering,la ingeniería,інженерія
myth,el mito,міф
essay,el ensayo,есе
cold,el frío,холод
coal,el carbón,вугілля
contrast,el contraste,контраст
observation,la observación,спостереження
tail,la cola,хвіст
mechanism,el mecanismo,механізм
scheme,el esquema,схема
presentation,la presentación,презентація
angel,el ángel,ангел
bonus,el bono,бонус
possession,la posesión,володіння
learning,el aprendizaje,навчання
teaching,la enseñanza,викладання
deck,la cubierta,палуба
creature,la criatura,створіння
running,el funcionamiento,біг
literature,la literatura,література
weakness,la debilidad,слабкість
blue,el azul,синій
engagement,el compromiso,заручини
uncertainty,la incertidumbre,невизначеність
inquiry,la investigación,запит
motivation,la motivación,мотивація
dust,el polvo,пил
peak,el pico,пік
instinct,el instinto,інстинкт
needle,la aguja,голка
leaf,la hoja,листок
launch,el lanzamiento,запуск
laugh,la risa,сміх
leave,la licencia,відпустка
grass,la hierba,трава
iron,el hierro,залізо
competitor,el competidor,конкурент
complex,el complejo,комплекс
bean,el frijol,боб
pole,el polo,полюс
vessel,el buque,судно
subsidy,la subvención,субсидія
bid,la oferta,заявка
landing,el aterrizaje,посадка
pipe,la tubería,труба
interpretation,la interpretación,інтерпретація
tournament,Torneo,турнір
hip,la cadera,стегно
diagnosis,el diagnóstico,діагноз
pitch,el terreno de juego,майданчик
journal,la revista,журнал
ceiling,el techo,стеля
export,la exportación,експорт
awareness,la conciencia,усвідомлення
cross,la cruz,хрест
kiss,el beso,поцілунок
examination,el examen,екзамен
empire,el imperio,імперія
replacement,la sustitución,заміна
duck,el pato,качка
formula,la fórmula,формула
devil,el diablo,диявол
limitation,la limitación,обмеження
compensation,la compensación,компенсація
invitation,la invitación,запрошення
declaration,la declaración,декларація
significance,el significado,значущість
final,la final,фінал
premium,la prima,премія
ambulance,la ambulancia,швидка допомога
carpet,la alfombra,килим
temple,el templo,храм
constituent,el constituyente,складова
concession,la concesión,поступка
consent,el consentimiento,згода
premise,la premisa,передумова
heritage,el patrimonio,спадщина
shelf,el estante,полиця
hint,la indirecta,натяк
rhythm,el ritmo,ритм
liability,el pasivo,зобов'язання
heel,el talón,каблук
layer,la capa de,шар
strain,la cepa,напруження
carbon,el carbono,вуглець
forum,el foro,форум
merit,el mérito,заслуга
youngster,el joven,юнак
transfer,la transferencia,переказ
distribution,la distribución,розподіл
expansion,la expansión,розширення
depth,la profundidad,глибина
blanket,la manta,ковдра
kingdom,el reino,королівство
mud,el barro,грязюка
arrival,la llegada,прибуття
reflection,el reflejo,відображення
envelope,la envoltura,конверт
reserve,la reserva,резерв
hunting,la caza,полювання
furniture,los muebles,меблі
gesture,el gesto,жест
residence,la residencia,резиденція
ambition,la ambición,амбіція
nail,la uña,ніготь
spectrum,el espectro,спектр
drawing,el dibujo,малюнок
enthusiasm,el entusiasmo,ентузіазм
pen,la pluma,ручка
preference,la preferencia,уподобання
absence,la ausencia,відсутність
oxygen,el oxígeno,кисень
squad,la escuadra,загін
pollution,la contaminación,забруднення
lock,la cerradura,замок
extension,la extensión,продовження
participant,el participante,учасник
architect,el arquitecto,архітектор
bench,la magistratura,лавка
rope,la cuerda,мотузка
aim,el objetivo,мета
stream,la corriente de,потік
evolution,la evolución,еволюція
angle,el ángulo,кут
jurisdiction,la jurisdicción,юрисдикція
charter,la carta,хартія
ideology,la ideología,ідеологія
tide,la marea,прилив
representation,la representación,представництво
identification,la identificación,ідентифікація
concentration,la concentración,концентрація
norm,la norma,норма
spread,la propagación,поширення
rival,el rival,суперник
disappointment,la decepción,розчарування
tribunal,el tribunal,трибунал
grain,el grano,зерно
proportion,la proporción,пропорція
fool,el tonto,дурень
merger,la fusión,злиття
loyalty,la lealtad,вірність
publication,la publicación,публікація
participation,la participación,участь
escape,el escape,втеча
shareholder,el accionista,акціонер
constituency,la circunscripción,виборчий округ
paint,la pintura,фарба
toilet,el inodoro,туалет
ghost,el fantasma,привид
attraction,la atracción,атракція
lion,el león,лев
craft,la nave,ремесло
custom,la costumbre,звичай
cliff,el acantilado,утес
palace,el palacio,палац
grip,la empuñadura,хватка
protein,la proteína,білок
accuracy,la exactitud,точність
theft,el robo,крадіжка
widow,la viuda,вдова
acceptance,la aceptación,прийняття
accent,el acento,акцент
smell,el olor,запах
departure,la salida,від'їзд
membership,los miembros,членство
expertise,la experiencia,експертиза
repair,la reparación,ремонт
assembly,la asamblea,збори
summary,el resumen,резюме
logic,la lógica,логіка
boundary,el límite,межа
equivalent,el equivalente,еквівалент
holder,el titular,тримач
dimension,la dimensión,вимір
rail,el riel,рейка
transaction,la transacción,транзакція
left,la izquierda,ліва сторона
sequence,la secuencia,послідовність
festival,el festival,фестиваль
pit,el pozo,яма
horizon,el horizonte,горизонт
bowl,el cuenco,миска
purchase,la compra,покупка
plaintiff,el demandante,позивач
aunt,la tía,тітка
equity,la equidad,власний капітал
load,la carga,навантаження
scope,el alcance,рамки
darkness,la oscuridad,темрява
sandwich,el sándwich,бутерброд
parish,la parroquia,парафія
closure,el cierre,закриття
pile,la pila,купа
ownership,la propiedad,власність
origin,el origen,походження
defender,el defensor,захисник
circuit,el circuito de,контур
introduction,la introducción,вступ
mode,el modo de,спосіб
discount,el descuento,знижка
equation,la ecuación,рівняння
entity,la entidad,сутність
kit,el kit,набір
psychology,la psicología,психологія
virtue,la virtud,чеснота
flexibility,la flexibilidad,гнучкість
trainer,el entrenador,тренер
continent,el continente,континент
trader,el comerciante,торговець
bath,el baño,ванна
brick,el ladrillo,цегла
indicator,el indicador,показник
seller,el vendedor,продавець
promotion,la promoción,просування
clash,el choque,зіткнення
characteristic,la característica,характеристика
coin,la moneda,монета
assurance,la garantía,запевнення
proposition,la proposición,твердження
tongue,la lengua,язик
minimum,el mínimo,мінімум
collector,el colector,колекціонер
capitalism,el capitalismo,капіталізм
basket,la cesta,кошик
framework,el marco,каркас
consciousness,la conciencia,свідомість
switch,el interruptor,вимикач
rent,el alquiler,оренда
curve,la curva,крива
cotton,el algodón,бавовна
patch,el parche,латка
import,la importación,імпорт
isolation,el aislamiento,ізоляція
entrance,la entrada,вхід
necessity,la necesidad,необхідність
square,la plaza,площа
venture,la empresa,авантюра
steam,el vapor,пара
agriculture,la agricultura,сільське господарство
transformation,la transformación,трансформація
sheep,las ovejas,вівця
brush,el cepillo,щітка
database,la base de datos,база даних
deposit,el depósito,депозит
menu,el menú,меню
adjustment,el ajuste,коригування
triumph,el triunfo,тріумф
consumption,el consumo,споживання
guardian,el guardián,опікун
curtain,la cortina,завіса
satisfaction,la satisfacción,задоволення
calculation,el cálculo,розрахунок
fleet,la flota,флот
remedy,el remedio,засіб
lane,el carril,смуга
certificate,el certificado,сертифікат
swimming,la natación,плавання
emission,la emisión,викид
fabric,la tela,тканина
medium,el medio,носій
efficiency,la eficiencia,ефективність
interaction,la interacción,взаємодія
cab,la cabina,кабіна
easter,la Pascua,Великдень
glory,la gloria,слава
reception,la recepción,прийом
productivity,la productividad,продуктивність
acid,el ácido,кислота
servant,el siervo,слуга
evaluation,la evaluación,оцінка
mill,el molino,млин
exhibition,la exposición,виставка
sum,la suma,сума
counterpart,la contraparte,відповідник
sergeant,el sargento,сержант
storage,el almacenamiento,зберігання
fraction,la fracción,дріб
innovation,la innovación,інновація
stance,la postura,позиція
motor,el motor,двигун
format,el formato,формат
particle,la partícula,частинка
trace,la traza,слід
fluid,el fluido,рідина
curriculum,el plan de estudios,навчальна програма
doctrine,la doctrina,доктрина
developer,el desarrollador,розробник
pause,la pausa,пауза
removal,la eliminación,видалення
sensation,la sensación,відчуття
dividend,el dividendo,дивіденд
monopoly,el monopolio,монополія
gallery,la galería,галерея
lecture,la conferencia,лекція
taxi,el taxi,таксі
discretion,la discreción,розсуд
flesh,la carne,плоть
merchant,el comerciante,торговець
quantity,la cantidad,кількість
darling,el niño mimado,любий
justification,la justificación,обґрунтування
painter,el pintor,художник
mixture,la mezcla de,суміш
breach,el incumplimiento,порушення
lift,el ascensor,ліфт
pond,el estanque,ставок
cheek,la mejilla,щока
successor,el sucesor,наступник
registration,el registro,реєстрація
consultation,la consulta,консультація
qualification,la calificación,кваліфікація
supplier,el proveedor,постачальник
autumn,el otoño,осінь
hardware,el hardware,апаратне забезпечення
leather,el cuero,шкіра
rabbit,el conejo,кролик
paragraph,el párrafo,абзац
companion,el compañero,компаньйон
bulk,la mayor parte,велика частина
corridor,el corredor,коридор
workshop,el taller,майстерня
shade,la sombra,відтінок
accountant,el contador,бухгалтер
sword,la espada,меч
formation,la formación,формування
integration,la integración,інтеграція
expenditure,los gastos,витрати
input,la entrada,вхідні дані
rod,la varilla,стрижень
complexity,la complejidad,складність
skirt,la falda,спідниця
insect,el insecto,комаха
transport,el transporte,транспорт
mortality,La mortalidad,смертність
slope,la pendiente,схил
restoration,la restauración,відновлення
nest,el nido,гніздо
variation,la variación,варіація
composition,la composición,композиція
crown,la corona,корона
probability,la probabilidad,ймовірність
liberation,la liberación,звільнення
attendance,la asistencia,відвідуваність
organism,el organismo,організм
conservation,la conservación,збереження
sculpture,la escultura,скульптура
champagne,el champagne,шампанське
architecture,la arquitectura,архітектура
other,el otro,інший
lord,el señor,пан
tv,la tv,телевізор
van,la furgoneta,фургон
directory,el directorio,каталог
hundred,el cien,сотня
dozen,la docena,дюжина
treasury,la tesorería,казна
petrol,la gasolina,бензин
purchaser,el comprador,покупець
terrace,la terraza,тераса
avenue,la avenida,проспект
thousand,los mil,тисяча
sociology,la sociología,соціологія
inn,la posada,трактир
colony,la colonia,колонія
association,la asociación,асоціація
prince,el príncipe,принц
corp,la corp,корпорація
lad,el muchacho,парубок
catalogue,el catálogo,каталог
magistrate,el magistrado,магістрат
allocation,la asignación,асигнування
harbour,el puerto,гавань
solicitor,el abogado,адвокат
traveller,el viajero,мандрівник
earl,el conde,граф
humour,el humor,гумор
pope,el Papa,папа
mrs,la señora,пані
behaviour,el comportamiento,поведінка
bill,el proyecto de ley,законопроєкт
mark,la marca,мітка
criterion,el criterio,критерій
duke,el duque,герцог
red,la roja,червоний
federation,la federación,федерація
jew,el judio,єврей
colonel,el coronel,полковник
shit,la mierda,лайно
eagle,el águila,орел
centre,el centro,центр
miss,la señorita,панна
fig,el higo,інжир
institute,el instituto,інститут
bay,la bahía,бухта
honour,el honor,честь
classification,la clasificación,класифікація
councillor,el concejal,член ради
constable,el alguacil,констебль
bureau,la oficina,бюро
mile,la milla,миля
proceeding,el procedimiento,провадження
judgement,la sentencia,вирок
cheque,el cheque,чек
no,la no,відмова
queen,la reina,королева
valley,el valle,долина
billion,los mil millones,мільярд
inch,la pulgada,дюйм
stairs,las escaleras,сходи
fibre,la fibra,волокно
acre,el acre,акр
white,el blanco,білий
lake,el lago,озеро
god,el dios,бог
enquiry,la investigación,запит
princess,la princesa,принцеса
rubbish,la basura,сміття
tonne,la tonelada,тонна
navy,la marina,флот
chap,el cap,чолов'яга
million,el millón,мільйон
programme,el programa,програма
organisation,la organización,організація
republic,la república,республіка
percent,el porcentaje,процент
mummy,la momia,мумія
favourite,el favorito,фаворит
cm,el cm,сантиметр
illustration,la ilustración,ілюстрація
tory,la his-,торі
aids,las ayudas,допоміжні засоби
theatre,el teatro,театр
licence,la licencia,ліцензія
metre,el metro,метр
constitution,la constitución,конституція
junction,la unión,перехрестя
interface,la interfaz,інтерфейс
gaze,la mirada,пильний погляд
pensioner,el pensionista,пенсіонер
builder,el constructor,будівельник
university,la universidad,університет
park,el parque,парк
hill,la colina,горб
neighbour,el vecino,сусід
unix,el unix,юнікс
favour,el favor,послуга
borough,la ciudad,муніципальний округ
redundancy,la redundancia,скорочення
king,el rey,король
co,la co,компанія
ref,el árbitro,рефері
lifespan,la vida útil,тривалість життя
abbey,la abadía,абатство
rumour,el rumor,плітка
cupboard,el armario,шафка
council,el ayuntamiento,рада
colour,el color,колір
dollar,el dólar,долар
commonwealth,la mancomunidad,співдружність
county,el condado,графство
mum,la momia,мама
rose,la rosa,троянда
vat,la cuba,чан
photo,la foto,фото
lorry,el camión,вантажівка
labour,la mano de obra,праця
defence,la defensa,оборона
earth,la tierra,земля
flat,la plana,квартира
offence,el delito,правопорушення
daddy,el papá,татусь
appendix,el apéndice,додаток
whisky,el whisky,віскі
isle,la isla,острівець
go,la marcha,спроба
villa,la villa,вілла
tutor,el tutor,репетитор
archbishop,el arzobispo,архієпископ
photograph,la fotografía,фотографія
specification,la especificación,специфікація
polytechnic,la politécnica,політехнічний інститут
bush,la zarza,кущ
frequency,la frecuencia,частота
seminar,el seminario,семінар
interior,el interior,інтер'єр
verse,el verso,вірш
receipt,el recibo,квитанція
breed,la raza,порода
measurement,la medición,вимірювання
palm,la palma,долоня
dock,el muelle,док
pc,el pc,комп'ютер
disadvantage,la desventaja,недолік
installation,la instalación,встановлення
advertisement,el anuncio,реклама
implementation,la implementación,впровадження
portfolio,la cartera,портфель
timber,la madera,деревина
clause,la cláusula,пункт
discourse,el discurso,дискурс
disc,el disco,диск
blade,la cuchilla,лезо
ratio,la relación,співвідношення
mineral,el mineral,мінерал
outline,el contorno,нарис
addition,la adición,додавання
machinery,la maquinaria,техніка
canal,el canal,канал
local,lo local,місцевий
disposal,la eliminación,утилізація
refusal,la negativa,відмова
domain,el dominio,домен
register,el registro,реєстр
audit,la auditoría,аудит
availability,la disponibilidad,доступність
acquisition,la adquisición,придбання
autonomy,la autonomía,автономія
silk,la seda,шовк
beam,el haz,промінь
accommodation,el alojamiento,проживання
applicant,el solicitante,заявник
modification,la modificación,модифікація
tin,el estaño,олово
fragment,el fragmento,фрагмент
tenant,el inquilino,орендар
conversion,la conversión,перетворення
vendor,el vendedor,вендор
practitioner,el practicante,практик
delight,el deleite,насолода
filter,el filtro,фільтр
bronze,el bronce,бронза
doorway,la puerta,прохід
incidence,la incidencia,поширеність
lease,el contrato de arrendamiento,лізинг
constraint,la restricción,обмеження
cloth,el paño,полотно
nursery,el vivero,ясла
creditor,el acreedor,кредитор
taxation,la imposición,оподаткування
disk,el disco,диск
dictionary,el diccionario,словник
conception,la concepción,зачаття
trustee,el fiduciario,піклувальник
molecule,la molécula,молекула
holding,la celebración,холдинг
cottage,la casa de campo,котедж
landlord,el arrendador,орендодавець
succession,la sucesión,спадкоємність
warmth,el calor,теплота
spell,el hechizo,заклинання
chapel,la capilla,каплиця
leisure,el ocio,дозвілля
reign,el reinado,правління
reply,la respuesta,відповідь
duration,la duración,тривалість
castle,el castillo,замок
hierarchy,la jerarquía,ієрархія
correlation,la correlación,кореляція
exclusion,la exclusión,виключення
pub,el pub,паб
hypothesis,la hipótesis,гіпотеза
lamp,la lámpara,лампа
sphere,la esfera,сфера
chancellor,el canciller,канцлер
peasant,el campesino,селянин
output,la salida,продукція
emperor,el emperador,імператор
glance,la mirada,швидкий погляд
specimen,el espécimen,екземпляр
directive,la directiva,директива
thesis,la tesis,дисертація
working,el trabajo,функціонування
oak,el roble,дуб
turnover,el volumen de negocios,оборот
allowance,el subsidio,надбавка
tray,la bandeja,піднос
auditor,el auditor,аудитор
server,el servidor,сервер
cathedral,la catedral,собор
pity,la piedad,жаль
variable,la variable,змінна
clay,la arcilla,глина
carriage,el carro,карета
cinema,el cine,кіно
leaflet,el folleto,листівка
copper,el cobre,мідь
density,la densidad,густина
subsidiary,la filial,дочірня компанія
dismissal,el despido,звільнення
completion,la finalización,завершення
processor,el procesador,процесор
packet,el paquete,пакет
wool,la lana,вовна
heading,el encabezamiento,заголовок
grammar,la gramática,граматика
pavement,el pavimento,тротуар
receiver,el receptor,приймач
module,el módulo,модуль
railway,el ferrocarril,залізниця
pupil,la pupila,учень
cricket,el grillo,крикет
printer,la impresora,принтер
interval,el intervalo,інтервал
diagram,el diagrama,діаграма
bastard,el hijo de puta,мерзотник
